{
  "metrics": {
    "D_peak": 0.459143518519,
    "auc_D": 33.137500000044,
    "mean_C": 0.999471767397,
    "mean_R": 0.493740021847,
    "t_peak_hours": 24.0,
    "t_recover_80_hours": 168.0
  },
  "provenance": {
    "created_utc": "1970-01-01T00:00:00+00:00",
    "evidence_hash": "783c890ff63d46e4fee302840e187a9c5c066406257bec5108ee1dafd19e6377",
    "tool_version": "1.3.3"
  },
  "recipe": "circadian_score_v1",
  "schema": "semiocore.biomed.plasticity2_report.v1",
  "sigma": [
    {
      "C": 0.998514473127,
      "D": 0.459143518519,
      "R": 0.0,
      "T": 24.0,
      "hours": 24.0,
      "label": "t24"
    },
    {
      "C": 0.999902959344,
      "D": 0.215625,
      "R": 0.53037559869,
      "T": 72.0,
      "hours": 72.0,
      "label": "t72"
    },
    {
      "C": 0.99999786972,
      "D": 0.022569444445,
      "R": 0.95084446685,
      "T": 168.0,
      "hours": 168.0,
      "label": "t168"
    }
  ]
}
