{
  "metrics": {
    "D_peak": 0.478666666667,
    "auc_D": 33.156148148196,
    "mean_C": 0.986263496767,
    "mean_R": 0.507990547916,
    "t_peak_hours": 24.0,
    "t_recover_80_hours": 168.0
  },
  "provenance": {
    "created_utc": "1970-01-01T00:00:00+00:00",
    "evidence_hash": "2a0c730e45840c0ee1b0e7eb9df8f8a5b2903062bacaeeda925f654624154420",
    "tool_version": "1.3.3"
  },
  "recipe": "metabolic_score_v1",
  "schema": "semiocore.biomed.plasticity2_report.v1",
  "sigma": [
    {
      "C": 0.970484968419,
      "D": 0.478666666667,
      "R": 0.0,
      "T": 24.0,
      "hours": 24.0,
      "label": "t24"
    },
    {
      "C": 0.988626287159,
      "D": 0.207788359789,
      "R": 0.565901755316,
      "T": 72.0,
      "hours": 72.0,
      "label": "t72"
    },
    {
      "C": 0.999679234723,
      "D": 0.020070546737,
      "R": 0.958069888432,
      "T": 168.0,
      "hours": 168.0,
      "label": "t168"
    }
  ]
}
